,Date,WEBSTER,WEBSTER_pred
0,2019-05-01 00:30:00,1.0,28.667186737060547
1,2019-05-01 01:00:00,1.0,28.667186737060547
2,2019-05-01 01:30:00,1.0,14.761533737182617
3,2019-05-01 02:00:00,1.0,23.73816680908203
4,2019-05-01 02:30:00,1.0,31.200258255004883
5,2019-05-01 03:00:00,1.0,30.945980072021484
6,2019-05-01 03:30:00,1.0,29.245744705200195
7,2019-05-01 04:00:00,1.0,28.57950210571289
8,2019-05-01 04:30:00,1.0,14.694202423095703
9,2019-05-01 05:00:00,1.0,11.399091720581055
10,2019-05-01 05:30:00,1.0,4.420597553253174
11,2019-05-01 06:00:00,1.0,8.472620964050293
12,2019-05-01 06:30:00,1.0,13.176189422607422
13,2019-05-01 07:00:00,1.0,28.427082061767578
14,2019-05-01 07:30:00,1.0,55.4005126953125
15,2019-05-01 08:00:00,1.0,77.46737670898438
16,2019-05-01 08:30:00,1.0,71.70196533203125
17,2019-05-01 09:00:00,1.0,29.985685348510742
18,2019-05-01 09:30:00,1.0,10.819171905517578
19,2019-05-01 10:00:00,1.0,2.601475715637207
20,2019-05-01 10:30:00,1.0,1.365125060081482
21,2019-05-01 11:00:00,0.0,0.30605846643447876
22,2019-05-01 11:30:00,0.0,0.10040464997291565
23,2019-05-01 12:00:00,0.0,0.051828835159540176
24,2019-05-01 12:30:00,0.0,0.034394316375255585
25,2019-05-01 13:00:00,0.0,0.025882260873913765
26,2019-05-01 13:30:00,0.0,0.020963512361049652
27,2019-05-01 14:00:00,0.0,0.01784573122859001
28,2019-05-01 14:30:00,0.0,0.015733325853943825
29,2019-05-01 15:00:00,0.0,0.014570741914212704
30,2019-05-01 15:30:00,0.0,0.014842594973742962
31,2019-05-01 16:00:00,0.0,0.0172566045075655
32,2019-05-01 16:30:00,0.0,0.02296013943850994
33,2019-05-01 17:00:00,0.0,0.034011997282505035
34,2019-05-01 17:30:00,0.0,0.05351024121046066
35,2019-05-01 18:00:00,1.0,0.4119899272918701
36,2019-05-01 18:30:00,1.0,2.599553346633911
37,2019-05-01 19:00:00,0.0,1.553321123123169
38,2019-05-01 19:30:00,0.0,0.5734851956367493
39,2019-05-01 20:00:00,1.0,1.2744793891906738
40,2019-05-01 20:30:00,1.0,10.09821891784668
41,2019-05-01 21:00:00,1.0,120.46932983398438
42,2019-05-01 21:30:00,1.0,118.53101348876953
43,2019-05-01 22:00:00,1.0,88.92764282226562
44,2019-05-01 22:30:00,1.0,80.2552719116211
45,2019-05-01 23:00:00,1.0,74.14910125732422
46,2019-05-01 23:30:00,1.0,71.63672637939453
47,2019-05-02 00:00:00,1.0,71.3056411743164
48,2019-05-02 00:30:00,1.0,71.16409301757812
49,2019-05-02 01:00:00,1.0,71.03062438964844
50,2019-05-02 01:30:00,1.0,70.9404525756836
51,2019-05-02 02:00:00,1.0,70.88867950439453
52,2019-05-02 02:30:00,1.0,29.27118492126465
53,2019-05-02 03:00:00,1.0,23.64117431640625
54,2019-05-02 03:30:00,1.0,57.185150146484375
55,2019-05-02 04:00:00,1.0,66.31720733642578
56,2019-05-02 04:30:00,1.0,61.332454681396484
57,2019-05-02 05:00:00,1.0,58.95307159423828
58,2019-05-02 05:30:00,1.0,43.66603469848633
59,2019-05-02 06:00:00,1.0,41.80972671508789
60,2019-05-02 06:30:00,1.0,62.048973083496094
61,2019-05-02 07:00:00,1.0,64.68879699707031
62,2019-05-02 07:30:00,1.0,45.16950225830078
63,2019-05-02 08:00:00,1.0,42.05744171142578
64,2019-05-02 08:30:00,1.0,27.022844314575195
65,2019-05-02 09:00:00,1.0,11.314760208129883
66,2019-05-02 09:30:00,1.0,2.762382984161377
67,2019-05-02 10:00:00,0.0,0.3561999201774597
68,2019-05-02 10:30:00,0.0,0.09682631492614746
69,2019-05-02 11:00:00,0.0,0.049254484474658966
70,2019-05-02 11:30:00,0.0,0.033808670938014984
71,2019-05-02 12:00:00,0.0,0.026154525578022003
72,2019-05-02 12:30:00,0.0,0.021375134587287903
73,2019-05-02 13:00:00,0.0,0.018134480342268944
74,2019-05-02 13:30:00,0.0,0.015831489115953445
75,2019-05-02 14:00:00,0.0,0.0143832266330719
76,2019-05-02 14:30:00,0.0,0.014227775856852531
77,2019-05-02 15:00:00,0.0,0.016015341505408287
78,2019-05-02 15:30:00,0.0,0.020734049379825592
79,2019-05-02 16:00:00,0.0,0.030199283733963966
80,2019-05-02 16:30:00,0.0,0.04734381288290024
81,2019-05-02 17:00:00,0.0,0.07553771138191223
82,2019-05-02 17:30:00,0.0,0.11600365489721298
83,2019-05-02 18:00:00,1.0,0.7981229424476624
84,2019-05-02 18:30:00,1.0,11.832984924316406
85,2019-05-02 19:00:00,1.0,54.92680358886719
86,2019-05-02 19:30:00,1.0,95.35467529296875
87,2019-05-02 20:00:00,1.0,94.1216049194336
88,2019-05-02 20:30:00,1.0,66.80770874023438
89,2019-05-02 21:00:00,1.0,61.7574577331543
90,2019-05-02 21:30:00,1.0,78.82765197753906
91,2019-05-02 22:00:00,1.0,76.12632751464844
92,2019-05-02 22:30:00,1.0,72.23456573486328
93,2019-05-02 23:00:00,1.0,71.36363220214844
94,2019-05-02 23:30:00,1.0,71.15958404541016
95,2019-05-03 00:00:00,1.0,71.0381088256836
96,2019-05-03 00:30:00,1.0,70.95279693603516
97,2019-05-03 01:00:00,1.0,70.90071868896484
98,2019-05-03 01:30:00,1.0,70.86992645263672
99,2019-05-03 02:00:00,1.0,43.63134765625
100,2019-05-03 02:30:00,1.0,40.55195617675781
101,2019-05-03 03:00:00,1.0,42.54655456542969
102,2019-05-03 03:30:00,1.0,28.412742614746094
103,2019-05-03 04:00:00,1.0,25.739089965820312
104,2019-05-03 04:30:00,1.0,43.195655822753906
105,2019-05-03 05:00:00,1.0,48.57917404174805
106,2019-05-03 05:30:00,1.0,30.045612335205078
107,2019-05-03 06:00:00,1.0,12.063027381896973
108,2019-05-03 06:30:00,1.0,8.616918563842773
109,2019-05-03 07:00:00,1.0,9.139412879943848
110,2019-05-03 07:30:00,1.0,23.677026748657227
111,2019-05-03 08:00:00,1.0,55.15498352050781
112,2019-05-03 08:30:00,1.0,57.03548049926758
113,2019-05-03 09:00:00,1.0,69.93009948730469
114,2019-05-03 09:30:00,1.0,68.74646759033203
115,2019-05-03 10:00:00,1.0,47.13130569458008
116,2019-05-03 10:30:00,1.0,13.12619686126709
117,2019-05-03 11:00:00,1.0,7.8909759521484375
118,2019-05-03 11:30:00,1.0,8.359244346618652
119,2019-05-03 12:00:00,1.0,10.136587142944336
120,2019-05-03 12:30:00,1.0,3.6872920989990234
121,2019-05-03 13:00:00,1.0,1.814306378364563
122,2019-05-03 13:30:00,0.0,0.3409530222415924
123,2019-05-03 14:00:00,0.0,0.10079017281532288
124,2019-05-03 14:30:00,0.0,0.05037139728665352
125,2019-05-03 15:00:00,0.0,0.03355426341295242
126,2019-05-03 15:30:00,0.0,0.025671618059277534
127,2019-05-03 16:00:00,0.0,0.02117852494120598
128,2019-05-03 16:30:00,0.0,0.01834198087453842
129,2019-05-03 17:00:00,0.0,0.016406457871198654
130,2019-05-03 17:30:00,0.0,0.01530344970524311
131,2019-05-03 18:00:00,0.0,0.015552005730569363
132,2019-05-03 18:30:00,0.0,0.017919618636369705
133,2019-05-03 19:00:00,0.0,0.023563044145703316
134,2019-05-03 19:30:00,0.0,0.03448920696973801
135,2019-05-03 20:00:00,0.0,0.053692594170570374
136,2019-05-03 20:30:00,0.0,0.08413146436214447
137,2019-05-03 21:00:00,1.0,2.4074723720550537
138,2019-05-03 21:30:00,1.0,43.858558654785156
139,2019-05-03 22:00:00,1.0,87.77638244628906
140,2019-05-03 22:30:00,1.0,63.265689849853516
141,2019-05-03 23:00:00,1.0,31.072729110717773
142,2019-05-03 23:30:00,0.0,1.536276936531067
143,2019-05-04 00:00:00,0.0,0.20189377665519714
144,2019-05-04 00:30:00,1.0,0.30988749861717224
145,2019-05-04 01:00:00,1.0,3.4656715393066406
146,2019-05-04 01:30:00,1.0,17.965478897094727
147,2019-05-04 02:00:00,1.0,22.975101470947266
148,2019-05-04 02:30:00,1.0,6.765275001525879
149,2019-05-04 03:00:00,1.0,3.100684881210327
150,2019-05-04 03:30:00,1.0,2.664431095123291
151,2019-05-04 04:00:00,1.0,9.716740608215332
152,2019-05-04 04:30:00,1.0,37.43973922729492
153,2019-05-04 05:00:00,1.0,42.53413009643555
154,2019-05-04 05:30:00,1.0,33.54807662963867
155,2019-05-04 06:00:00,1.0,15.100193977355957
156,2019-05-04 06:30:00,1.0,23.58855438232422
157,2019-05-04 07:00:00,1.0,16.1065731048584
158,2019-05-04 07:30:00,1.0,12.651569366455078
159,2019-05-04 08:00:00,1.0,12.561103820800781
160,2019-05-04 08:30:00,1.0,4.9558024406433105
161,2019-05-04 09:00:00,0.0,0.634967565536499
162,2019-05-04 09:30:00,0.0,0.14686715602874756
163,2019-05-04 10:00:00,1.0,0.3120899796485901
164,2019-05-04 10:30:00,1.0,0.942847490310669
165,2019-05-04 11:00:00,1.0,1.834598422050476
166,2019-05-04 11:30:00,1.0,2.772035598754883
167,2019-05-04 12:00:00,1.0,3.421682357788086
168,2019-05-04 12:30:00,1.0,2.938070297241211
169,2019-05-04 13:00:00,1.0,2.3629674911499023
170,2019-05-04 13:30:00,1.0,2.1200404167175293
171,2019-05-04 14:00:00,1.0,2.090531826019287
172,2019-05-04 14:30:00,1.0,2.1269025802612305
173,2019-05-04 15:00:00,1.0,2.1489827632904053
174,2019-05-04 15:30:00,1.0,2.142792224884033
175,2019-05-04 16:00:00,1.0,2.124399423599243
176,2019-05-04 16:30:00,1.0,2.1086227893829346
177,2019-05-04 17:00:00,1.0,2.100158452987671
178,2019-05-04 17:30:00,1.0,2.097353219985962
179,2019-05-04 18:00:00,1.0,2.0972445011138916
180,2019-05-04 18:30:00,1.0,2.097926616668701
181,2019-05-04 19:00:00,1.0,2.0987062454223633
182,2019-05-04 19:30:00,1.0,7.450687408447266
183,2019-05-04 20:00:00,1.0,5.048874378204346
184,2019-05-04 20:30:00,1.0,2.6541860103607178
185,2019-05-04 21:00:00,0.0,0.5744950771331787
186,2019-05-04 21:30:00,0.0,0.22007238864898682
187,2019-05-04 22:00:00,0.0,0.11209790408611298
188,2019-05-04 22:30:00,1.0,1.475844383239746
189,2019-05-04 23:00:00,1.0,11.812191009521484
190,2019-05-04 23:30:00,1.0,7.358870506286621
191,2019-05-05 00:00:00,1.0,3.108001470565796
192,2019-05-05 00:30:00,1.0,1.9756189584732056
193,2019-05-05 01:00:00,1.0,6.631933212280273
194,2019-05-05 01:30:00,1.0,14.572118759155273
195,2019-05-05 02:00:00,1.0,5.368626594543457
196,2019-05-05 02:30:00,1.0,2.2677643299102783
197,2019-05-05 03:00:00,1.0,1.6674911975860596
198,2019-05-05 03:30:00,1.0,1.7244489192962646
199,2019-05-05 04:00:00,1.0,6.88243293762207
200,2019-05-05 04:30:00,1.0,14.88791561126709
201,2019-05-05 05:00:00,1.0,15.433990478515625
202,2019-05-05 05:30:00,1.0,4.360601902008057
203,2019-05-05 06:00:00,1.0,6.597414016723633
204,2019-05-05 06:30:00,1.0,11.443540573120117
205,2019-05-05 07:00:00,1.0,13.36660385131836
206,2019-05-05 07:30:00,1.0,12.547943115234375
207,2019-05-05 08:00:00,1.0,11.604147911071777
208,2019-05-05 08:30:00,1.0,3.668712615966797
209,2019-05-05 09:00:00,1.0,2.2248387336730957
210,2019-05-05 09:30:00,1.0,2.47951340675354
211,2019-05-05 10:00:00,1.0,3.166959762573242
212,2019-05-05 10:30:00,0.0,0.6977604627609253
213,2019-05-05 11:00:00,0.0,0.17280294001102448
214,2019-05-05 11:30:00,0.0,0.07401426136493683
215,2019-05-05 12:00:00,0.0,0.045848406851291656
216,2019-05-05 12:30:00,0.0,0.0341678187251091
217,2019-05-05 13:00:00,0.0,0.027829494327306747
218,2019-05-05 13:30:00,0.0,0.023768730461597443
219,2019-05-05 14:00:00,0.0,0.020911909639835358
220,2019-05-05 14:30:00,0.0,0.01907891035079956
221,2019-05-05 15:00:00,0.0,0.018702879548072815
222,2019-05-05 15:30:00,0.0,0.02046785317361355
223,2019-05-05 16:00:00,0.0,0.025330979377031326
224,2019-05-05 16:30:00,0.0,0.03487486392259598
225,2019-05-05 17:00:00,0.0,0.05144302546977997
226,2019-05-05 17:30:00,0.0,0.07743571698665619
227,2019-05-05 18:00:00,0.0,0.11325518041849136
228,2019-05-05 18:30:00,1.0,0.7597761154174805
229,2019-05-05 19:00:00,1.0,3.6702418327331543
230,2019-05-05 19:30:00,1.0,18.04901695251465
231,2019-05-05 20:00:00,1.0,46.74915313720703
232,2019-05-05 20:30:00,1.0,65.04329681396484
233,2019-05-05 21:00:00,1.0,75.05391693115234
234,2019-05-05 21:30:00,1.0,85.73588562011719
235,2019-05-05 22:00:00,1.0,82.02459716796875
236,2019-05-05 22:30:00,1.0,74.85680389404297
237,2019-05-05 23:00:00,1.0,71.7842025756836
238,2019-05-05 23:30:00,1.0,71.34696197509766
239,2019-05-06 00:00:00,1.0,71.19807434082031
240,2019-05-06 00:30:00,1.0,58.004642486572266
241,2019-05-06 01:00:00,1.0,42.38138961791992
242,2019-05-06 01:30:00,1.0,41.331092834472656
243,2019-05-06 02:00:00,1.0,58.71486282348633
244,2019-05-06 02:30:00,1.0,75.62169647216797
245,2019-05-06 03:00:00,1.0,60.61553955078125
246,2019-05-06 03:30:00,1.0,57.588741302490234
247,2019-05-06 04:00:00,1.0,43.245094299316406
248,2019-05-06 04:30:00,1.0,26.907957077026367
249,2019-05-06 05:00:00,1.0,12.770255088806152
250,2019-05-06 05:30:00,1.0,10.567354202270508
251,2019-05-06 06:00:00,1.0,11.92192268371582
252,2019-05-06 06:30:00,1.0,11.907228469848633
253,2019-05-06 07:00:00,1.0,11.26823616027832
254,2019-05-06 07:30:00,1.0,10.937422752380371
255,2019-05-06 08:00:00,1.0,3.608773708343506
256,2019-05-06 08:30:00,1.0,1.7702436447143555
257,2019-05-06 09:00:00,1.0,1.5032755136489868
258,2019-05-06 09:30:00,1.0,1.652334213256836
259,2019-05-06 10:00:00,1.0,1.8468265533447266
260,2019-05-06 10:30:00,1.0,1.9389582872390747
261,2019-05-06 11:00:00,0.0,0.42914947867393494
262,2019-05-06 11:30:00,0.0,0.11971043795347214
263,2019-05-06 12:00:00,0.0,0.056659918278455734
264,2019-05-06 12:30:00,0.0,0.03727291524410248
265,2019-05-06 13:00:00,0.0,0.02893168106675148
266,2019-05-06 13:30:00,0.0,0.024394936859607697
267,2019-05-06 14:00:00,0.0,0.021478332579135895
268,2019-05-06 14:30:00,0.0,0.019443698227405548
269,2019-05-06 15:00:00,0.0,0.018414920195937157
270,2019-05-06 15:30:00,0.0,0.01902768574655056
271,2019-05-06 16:00:00,0.0,0.022125549614429474
272,2019-05-06 16:30:00,0.0,0.02896297164261341
273,2019-05-06 17:00:00,0.0,0.04154769703745842
274,2019-05-06 17:30:00,0.0,0.062487587332725525
275,2019-05-06 18:00:00,0.0,0.09364752471446991
276,2019-05-06 18:30:00,1.0,0.6567754745483398
277,2019-05-06 19:00:00,1.0,3.4136879444122314
278,2019-05-06 19:30:00,1.0,6.362976551055908
279,2019-05-06 20:00:00,1.0,16.133892059326172
280,2019-05-06 20:30:00,1.0,62.70098876953125
281,2019-05-06 21:00:00,1.0,88.93128967285156
282,2019-05-06 21:30:00,1.0,90.87823486328125
283,2019-05-06 22:00:00,1.0,82.68865966796875
284,2019-05-06 22:30:00,1.0,79.41696166992188
285,2019-05-06 23:00:00,1.0,60.400733947753906
286,2019-05-06 23:30:00,1.0,57.36252975463867
287,2019-05-07 00:00:00,1.0,58.30874252319336
288,2019-05-07 00:30:00,1.0,58.80460739135742
289,2019-05-07 01:00:00,1.0,72.57145690917969
290,2019-05-07 01:30:00,1.0,45.0594367980957
291,2019-05-07 02:00:00,1.0,41.05296325683594
292,2019-05-07 02:30:00,1.0,42.66407012939453
293,2019-05-07 03:00:00,1.0,43.965553283691406
294,2019-05-07 03:30:00,1.0,28.660032272338867
295,2019-05-07 04:00:00,1.0,41.15991973876953
296,2019-05-07 04:30:00,1.0,46.76433563232422
297,2019-05-07 05:00:00,1.0,45.76343536376953
298,2019-05-07 05:30:00,1.0,28.85999298095703
299,2019-05-07 06:00:00,1.0,25.695293426513672
300,2019-05-07 06:30:00,1.0,60.56824493408203
301,2019-05-07 07:00:00,1.0,71.4112548828125
302,2019-05-07 07:30:00,1.0,66.32783508300781
303,2019-05-07 08:00:00,1.0,63.785789489746094
304,2019-05-07 08:30:00,1.0,28.603012084960938
305,2019-05-07 09:00:00,1.0,22.704011917114258
306,2019-05-07 09:30:00,1.0,24.172969818115234
307,2019-05-07 10:00:00,0.0,1.405355453491211
308,2019-05-07 10:30:00,0.0,0.18257422745227814
309,2019-05-07 11:00:00,0.0,0.06317857652902603
310,2019-05-07 11:30:00,0.0,0.03811138495802879
311,2019-05-07 12:00:00,0.0,0.028832878917455673
312,2019-05-07 12:30:00,0.0,0.02353728376328945
313,2019-05-07 13:00:00,0.0,0.019837914034724236
314,2019-05-07 13:30:00,0.0,0.017109647393226624
315,2019-05-07 14:00:00,0.0,0.015103076584637165
316,2019-05-07 14:30:00,0.0,0.014045517891645432
317,2019-05-07 15:00:00,0.0,0.014507148414850235
318,2019-05-07 15:30:00,0.0,0.017215510830283165
319,2019-05-07 16:00:00,0.0,0.023404985666275024
320,2019-05-07 16:30:00,0.0,0.035310301929712296
321,2019-05-07 17:00:00,0.0,0.056218236684799194
322,2019-05-07 17:30:00,0.0,0.08915174007415771
323,2019-05-07 18:00:00,0.0,0.13357475399971008
324,2019-05-07 18:30:00,1.0,0.8842875957489014
325,2019-05-07 19:00:00,1.0,12.337719917297363
326,2019-05-07 19:30:00,1.0,54.74740219116211
327,2019-05-07 20:00:00,1.0,49.24076461791992
328,2019-05-07 20:30:00,1.0,53.07289505004883
329,2019-05-07 21:00:00,1.0,49.59640121459961
330,2019-05-07 21:30:00,1.0,65.3588638305664
331,2019-05-07 22:00:00,1.0,64.9814453125
332,2019-05-07 22:30:00,1.0,60.638668060302734
333,2019-05-07 23:00:00,1.0,59.2310676574707
334,2019-05-07 23:30:00,1.0,72.74114990234375
335,2019-05-08 00:00:00,1.0,59.7784538269043
336,2019-05-08 00:30:00,1.0,42.85155487060547
337,2019-05-08 01:00:00,1.0,41.404197692871094
338,2019-05-08 01:30:00,1.0,27.801559448242188
339,2019-05-08 02:00:00,1.0,25.579200744628906
340,2019-05-08 02:30:00,1.0,75.61369323730469
341,2019-05-08 03:00:00,1.0,82.11468505859375
342,2019-05-08 03:30:00,1.0,74.26445770263672
343,2019-05-08 04:00:00,1.0,71.46719360351562
344,2019-05-08 04:30:00,1.0,70.94441223144531
345,2019-05-08 05:00:00,1.0,43.63236999511719
346,2019-05-08 05:30:00,1.0,14.068353652954102
347,2019-05-08 06:00:00,1.0,3.749253749847412
348,2019-05-08 06:30:00,1.0,14.671186447143555
349,2019-05-08 07:00:00,1.0,33.42974853515625
350,2019-05-08 07:30:00,1.0,54.43894958496094
351,2019-05-08 08:00:00,1.0,52.96039581298828
352,2019-05-08 08:30:00,1.0,14.917231559753418
353,2019-05-08 09:00:00,1.0,8.40479850769043
354,2019-05-08 09:30:00,1.0,8.464611053466797
355,2019-05-08 10:00:00,1.0,3.2620346546173096
356,2019-05-08 10:30:00,1.0,1.7590303421020508
357,2019-05-08 11:00:00,1.0,1.5303802490234375
358,2019-05-08 11:30:00,0.0,0.365281343460083
359,2019-05-08 12:00:00,0.0,0.11024446040391922
360,2019-05-08 12:30:00,0.0,0.053304508328437805
361,2019-05-08 13:00:00,0.0,0.03455978259444237
362,2019-05-08 13:30:00,0.0,0.026148628443479538
363,2019-05-08 14:00:00,0.0,0.021566428244113922
364,2019-05-08 14:30:00,0.0,0.01873341202735901
365,2019-05-08 15:00:00,0.0,0.016821661964058876
366,2019-05-08 15:30:00,0.0,0.015824733301997185
367,2019-05-08 16:00:00,0.0,0.016303500160574913
368,2019-05-08 16:30:00,0.0,0.019054479897022247
369,2019-05-08 17:00:00,0.0,0.025311365723609924
370,2019-05-08 17:30:00,0.0,0.03717607259750366
371,2019-05-08 18:00:00,0.0,0.05762913078069687
372,2019-05-08 18:30:00,1.0,0.43692317605018616
373,2019-05-08 19:00:00,1.0,8.653461456298828
374,2019-05-08 19:30:00,1.0,29.953445434570312
375,2019-05-08 20:00:00,1.0,24.721582412719727
376,2019-05-08 20:30:00,1.0,31.56045150756836
377,2019-05-08 21:00:00,1.0,72.4185562133789
378,2019-05-08 21:30:00,1.0,74.7552490234375
379,2019-05-08 22:00:00,1.0,83.5308609008789
380,2019-05-08 22:30:00,1.0,81.25547790527344
381,2019-05-08 23:00:00,1.0,79.26453399658203
382,2019-05-08 23:30:00,1.0,74.3082046508789
383,2019-05-09 00:00:00,1.0,29.09176254272461
384,2019-05-09 00:30:00,1.0,23.4215087890625
385,2019-05-09 01:00:00,1.0,25.61895751953125
386,2019-05-09 01:30:00,1.0,28.077674865722656
387,2019-05-09 02:00:00,1.0,14.880335807800293
388,2019-05-09 02:30:00,1.0,4.2920403480529785
389,2019-05-09 03:00:00,1.0,7.639108180999756
390,2019-05-09 03:30:00,1.0,29.370689392089844
391,2019-05-09 04:00:00,1.0,80.96061706542969
392,2019-05-09 04:30:00,1.0,56.45045471191406
393,2019-05-09 05:00:00,1.0,61.20998001098633
394,2019-05-09 05:30:00,1.0,60.988441467285156
395,2019-05-09 06:00:00,1.0,16.327293395996094
396,2019-05-09 06:30:00,1.0,8.91614818572998
397,2019-05-09 07:00:00,0.0,0.825401782989502
398,2019-05-09 07:30:00,0.0,0.15377438068389893
399,2019-05-09 08:00:00,0.0,0.06384439021348953
400,2019-05-09 08:30:00,0.0,0.040828313678503036
401,2019-05-09 09:00:00,0.0,0.030945247039198875
402,2019-05-09 09:30:00,0.0,0.024891385808587074
403,2019-05-09 10:00:00,0.0,0.02063060738146305
404,2019-05-09 10:30:00,0.0,0.01751154102385044
405,2019-05-09 11:00:00,0.0,0.01537175104022026
406,2019-05-09 11:30:00,0.0,0.014529314823448658
407,2019-05-09 12:00:00,0.0,0.01550996396690607
408,2019-05-09 12:30:00,0.0,0.01907174102962017
409,2019-05-09 13:00:00,0.0,0.02664598450064659
410,2019-05-09 13:30:00,0.0,0.04072029888629913
411,2019-05-09 14:00:00,0.0,0.06457343697547913
412,2019-05-09 14:30:00,0.0,0.10043421387672424
413,2019-05-09 15:00:00,0.0,0.1460411548614502
414,2019-05-09 15:30:00,0.0,0.19256623089313507
415,2019-05-09 16:00:00,0.0,0.2278057485818863
416,2019-05-09 16:30:00,0.0,0.24323347210884094
417,2019-05-09 17:00:00,0.0,0.2383727729320526
418,2019-05-09 17:30:00,0.0,0.21910789608955383
419,2019-05-09 18:00:00,0.0,0.19303256273269653
420,2019-05-09 18:30:00,1.0,0.833993673324585
421,2019-05-09 19:00:00,1.0,11.321725845336914
422,2019-05-09 19:30:00,1.0,30.392902374267578
423,2019-05-09 20:00:00,1.0,43.860294342041016
424,2019-05-09 20:30:00,1.0,75.01896667480469
425,2019-05-09 21:00:00,1.0,68.95089721679688
426,2019-05-09 21:30:00,1.0,75.14197540283203
427,2019-05-09 22:00:00,1.0,73.1412353515625
428,2019-05-09 22:30:00,1.0,71.47625732421875
429,2019-05-09 23:00:00,1.0,57.959712982177734
430,2019-05-09 23:30:00,1.0,42.34189987182617
431,2019-05-10 00:00:00,1.0,26.598058700561523
432,2019-05-10 00:30:00,1.0,39.890079498291016
433,2019-05-10 01:00:00,1.0,30.16392707824707
434,2019-05-10 01:30:00,1.0,42.54496383666992
435,2019-05-10 02:00:00,1.0,63.56499481201172
436,2019-05-10 02:30:00,1.0,63.317508697509766
437,2019-05-10 03:00:00,1.0,59.980464935302734
438,2019-05-10 03:30:00,1.0,58.80598068237305
439,2019-05-10 04:00:00,1.0,72.28980255126953
440,2019-05-10 04:30:00,1.0,59.59147262573242
441,2019-05-10 05:00:00,1.0,57.39117431640625
442,2019-05-10 05:30:00,1.0,57.9796142578125
443,2019-05-10 06:00:00,1.0,43.5764274597168
444,2019-05-10 06:30:00,1.0,26.026432037353516
445,2019-05-10 07:00:00,1.0,23.464624404907227
446,2019-05-10 07:30:00,1.0,24.983692169189453
447,2019-05-10 08:00:00,1.0,12.567178726196289
448,2019-05-10 08:30:00,1.0,20.914588928222656
449,2019-05-10 09:00:00,1.0,13.835394859313965
450,2019-05-10 09:30:00,1.0,3.3891067504882812
451,2019-05-10 10:00:00,1.0,5.464179039001465
452,2019-05-10 10:30:00,1.0,10.52655029296875
453,2019-05-10 11:00:00,1.0,4.3524322509765625
454,2019-05-10 11:30:00,1.0,2.0400757789611816
455,2019-05-10 12:00:00,1.0,1.5732147693634033
456,2019-05-10 12:30:00,1.0,1.6339977979660034
457,2019-05-10 13:00:00,1.0,1.8104479312896729
458,2019-05-10 13:30:00,1.0,1.9257557392120361
459,2019-05-10 14:00:00,1.0,1.9604253768920898
460,2019-05-10 14:30:00,1.0,1.964529275894165
461,2019-05-10 15:00:00,1.0,1.9744120836257935
462,2019-05-10 15:30:00,1.0,1.996966004371643
463,2019-05-10 16:00:00,1.0,2.024839162826538
464,2019-05-10 16:30:00,1.0,2.0501115322113037
465,2019-05-10 17:00:00,1.0,2.0693068504333496
466,2019-05-10 17:30:00,1.0,2.082615613937378
467,2019-05-10 18:00:00,1.0,2.091583013534546
468,2019-05-10 18:30:00,1.0,2.097625732421875
469,2019-05-10 19:00:00,1.0,2.1016459465026855
470,2019-05-10 19:30:00,1.0,2.10418438911438
471,2019-05-10 20:00:00,1.0,18.645584106445312
472,2019-05-10 20:30:00,1.0,45.787193298339844
473,2019-05-10 21:00:00,1.0,20.3359375
474,2019-05-10 21:30:00,1.0,3.8315296173095703
475,2019-05-10 22:00:00,1.0,1.579024076461792
476,2019-05-10 22:30:00,1.0,1.3816653490066528
477,2019-05-10 23:00:00,1.0,1.6538687944412231
478,2019-05-10 23:30:00,1.0,1.9439698457717896
479,2019-05-11 00:00:00,1.0,2.0473814010620117
480,2019-05-11 00:30:00,1.0,7.171386241912842
481,2019-05-11 01:00:00,1.0,14.494009017944336
482,2019-05-11 01:30:00,1.0,15.105123519897461
483,2019-05-11 02:00:00,1.0,12.946704864501953
484,2019-05-11 02:30:00,1.0,26.24776268005371
485,2019-05-11 03:00:00,1.0,56.39479064941406
486,2019-05-11 03:30:00,1.0,80.62810516357422
487,2019-05-11 04:00:00,1.0,33.874244689941406
488,2019-05-11 04:30:00,1.0,24.27231788635254
489,2019-05-11 05:00:00,1.0,24.591184616088867
490,2019-05-11 05:30:00,1.0,4.485090255737305
491,2019-05-11 06:00:00,1.0,5.433534145355225
492,2019-05-11 06:30:00,1.0,9.596256256103516
493,2019-05-11 07:00:00,1.0,27.25371551513672
494,2019-05-11 07:30:00,1.0,58.41936492919922
495,2019-05-11 08:00:00,1.0,57.90725326538086
496,2019-05-11 08:30:00,1.0,50.12540054321289
497,2019-05-11 09:00:00,1.0,28.681455612182617
498,2019-05-11 09:30:00,1.0,11.362452507019043
499,2019-05-11 10:00:00,1.0,8.304570198059082
500,2019-05-11 10:30:00,1.0,9.097997665405273
501,2019-05-11 11:00:00,1.0,10.568208694458008
502,2019-05-11 11:30:00,0.0,0.9942947626113892
503,2019-05-11 12:00:00,0.0,0.16119155287742615
504,2019-05-11 12:30:00,0.0,0.06117401272058487
505,2019-05-11 13:00:00,0.0,0.037381283938884735
506,2019-05-11 13:30:00,0.0,0.027988111600279808
507,2019-05-11 14:00:00,0.0,0.022773228585720062
508,2019-05-11 14:30:00,0.0,0.019375108182430267
509,2019-05-11 15:00:00,0.0,0.016987843438982964
510,2019-05-11 15:30:00,0.0,0.015318598598241806
511,2019-05-11 16:00:00,0.0,0.014663232490420341
512,2019-05-11 16:30:00,0.0,0.01566796749830246
513,2019-05-11 17:00:00,0.0,0.019191192463040352
514,2019-05-11 17:30:00,0.0,0.026697536930441856
515,2019-05-11 18:00:00,0.0,0.0406847819685936
516,2019-05-11 18:30:00,0.0,0.06446879357099533
517,2019-05-11 19:00:00,0.0,0.10036666691303253
518,2019-05-11 19:30:00,1.0,0.7127059698104858
519,2019-05-11 20:00:00,1.0,3.634974956512451
520,2019-05-11 20:30:00,1.0,6.560977935791016
521,2019-05-11 21:00:00,1.0,5.641068935394287
522,2019-05-11 21:30:00,1.0,3.950547933578491
523,2019-05-11 22:00:00,1.0,2.9971718788146973
524,2019-05-11 22:30:00,1.0,2.6038756370544434
525,2019-05-11 23:00:00,1.0,2.460649013519287
526,2019-05-11 23:30:00,1.0,2.9781136512756348
527,2019-05-12 00:00:00,1.0,3.6585798263549805
528,2019-05-12 00:30:00,1.0,3.940532922744751
529,2019-05-12 01:00:00,1.0,26.152320861816406
530,2019-05-12 01:30:00,1.0,71.36441802978516
531,2019-05-12 02:00:00,1.0,61.20463943481445
532,2019-05-12 02:30:00,1.0,48.8360481262207
533,2019-05-12 03:00:00,1.0,45.03010559082031
534,2019-05-12 03:30:00,1.0,28.750694274902344
535,2019-05-12 04:00:00,1.0,25.86056900024414
536,2019-05-12 04:30:00,1.0,27.181930541992188
537,2019-05-12 05:00:00,1.0,28.433635711669922
538,2019-05-12 05:30:00,1.0,28.7597713470459
539,2019-05-12 06:00:00,1.0,28.696380615234375
540,2019-05-12 06:30:00,1.0,14.753507614135742
541,2019-05-12 07:00:00,1.0,4.256442070007324
542,2019-05-12 07:30:00,1.0,2.025681495666504
543,2019-05-12 08:00:00,1.0,1.6401256322860718
544,2019-05-12 08:30:00,1.0,1.7492914199829102
545,2019-05-12 09:00:00,1.0,1.9226354360580444
546,2019-05-12 09:30:00,0.0,0.4421321749687195
547,2019-05-12 10:00:00,0.0,0.12303350865840912
548,2019-05-12 10:30:00,0.0,0.05700724944472313
549,2019-05-12 11:00:00,0.0,0.03660353273153305
550,2019-05-12 11:30:00,0.0,0.027806468307971954
551,2019-05-12 12:00:00,0.0,0.023031890392303467
552,2019-05-12 12:30:00,0.0,0.01997528038918972
553,2019-05-12 13:00:00,0.0,0.017883945256471634
554,2019-05-12 13:30:00,0.0,0.016895515844225883
555,2019-05-12 14:00:00,0.0,0.01760106533765793
556,2019-05-12 14:30:00,0.0,0.020799370482563972
557,2019-05-12 15:00:00,0.0,0.02777881547808647
558,2019-05-12 15:30:00,0.0,0.04068223014473915
559,2019-05-12 16:00:00,0.0,0.06234373152256012
560,2019-05-12 16:30:00,0.0,0.09483560174703598
561,2019-05-12 17:00:00,0.0,0.13658861815929413
562,2019-05-12 17:30:00,0.0,0.18029239773750305
563,2019-05-12 18:00:00,0.0,0.21503709256649017
564,2019-05-12 18:30:00,1.0,1.1322988271713257
565,2019-05-12 19:00:00,1.0,4.147080898284912
566,2019-05-12 19:30:00,1.0,5.87436056137085
567,2019-05-12 20:00:00,1.0,4.702749252319336
568,2019-05-12 20:30:00,0.0,0.8432967662811279
569,2019-05-12 21:00:00,1.0,10.815272331237793
570,2019-05-12 21:30:00,1.0,77.74884033203125
571,2019-05-12 22:00:00,1.0,72.24954986572266
572,2019-05-12 22:30:00,1.0,68.59803009033203
573,2019-05-12 23:00:00,1.0,76.77656555175781
574,2019-05-12 23:30:00,1.0,74.2000732421875
575,2019-05-13 00:00:00,1.0,58.84294891357422
576,2019-05-13 00:30:00,1.0,28.07689094543457
577,2019-05-13 01:00:00,1.0,12.296943664550781
578,2019-05-13 01:30:00,1.0,3.811004877090454
579,2019-05-13 02:00:00,1.0,17.062191009521484
580,2019-05-13 02:30:00,1.0,58.748748779296875
581,2019-05-13 03:00:00,1.0,57.94545364379883
582,2019-05-13 03:30:00,1.0,31.2927303314209
583,2019-05-13 04:00:00,1.0,25.85436248779297
584,2019-05-13 04:30:00,1.0,26.783710479736328
585,2019-05-13 05:00:00,1.0,44.90772247314453
586,2019-05-13 05:30:00,1.0,49.12334060668945
587,2019-05-13 06:00:00,1.0,46.223350524902344
588,2019-05-13 06:30:00,1.0,27.744335174560547
589,2019-05-13 07:00:00,1.0,24.09998321533203
590,2019-05-13 07:30:00,1.0,25.116268157958984
591,2019-05-13 08:00:00,1.0,26.512739181518555
592,2019-05-13 08:30:00,1.0,14.521915435791016
593,2019-05-13 09:00:00,1.0,3.45817232131958
594,2019-05-13 09:30:00,0.0,0.4064140319824219
595,2019-05-13 10:00:00,0.0,0.10357491672039032
596,2019-05-13 10:30:00,0.0,0.05128276348114014
597,2019-05-13 11:00:00,0.0,0.03501231223344803
598,2019-05-13 11:30:00,0.0,0.02712530829012394
599,2019-05-13 12:00:00,0.0,0.022186560556292534
600,2019-05-13 12:30:00,0.0,0.01878245547413826
601,2019-05-13 13:00:00,0.0,0.0163347739726305
602,2019-05-13 13:30:00,0.0,0.01480110827833414
603,2019-05-13 14:00:00,0.0,0.014626521617174149
604,2019-05-13 14:30:00,0.0,0.01644885167479515
605,2019-05-13 15:00:00,0.0,0.0212514977902174
606,2019-05-13 15:30:00,0.0,0.030843062326312065
607,2019-05-13 16:00:00,0.0,0.04811582714319229
608,2019-05-13 16:30:00,0.0,0.07632952183485031
609,2019-05-13 17:00:00,0.0,0.11654312163591385
610,2019-05-13 17:30:00,0.0,0.1640954166650772
611,2019-05-13 18:00:00,0.0,0.20811782777309418
612,2019-05-13 18:30:00,1.0,1.1468356847763062
613,2019-05-13 19:00:00,1.0,4.307377338409424
614,2019-05-13 19:30:00,1.0,17.581748962402344
615,2019-05-13 20:00:00,1.0,69.70933532714844
616,2019-05-13 20:30:00,1.0,69.01964569091797
617,2019-05-13 21:00:00,1.0,90.09773254394531
618,2019-05-13 21:30:00,1.0,80.0115966796875
619,2019-05-13 22:00:00,1.0,59.757225036621094
620,2019-05-13 22:30:00,1.0,57.40138244628906
621,2019-05-13 23:00:00,1.0,58.21609115600586
622,2019-05-13 23:30:00,1.0,58.61689758300781
623,2019-05-14 00:00:00,1.0,58.63892364501953
624,2019-05-14 00:30:00,1.0,43.71140670776367
625,2019-05-14 01:00:00,1.0,41.846336364746094
626,2019-05-14 01:30:00,1.0,58.814727783203125
627,2019-05-14 02:00:00,1.0,61.48076248168945
628,2019-05-14 02:30:00,1.0,59.6467399597168
629,2019-05-14 03:00:00,1.0,58.75897216796875
630,2019-05-14 03:30:00,1.0,58.59001541137695
631,2019-05-14 04:00:00,1.0,58.58065414428711
632,2019-05-14 04:30:00,1.0,43.69539260864258
633,2019-05-14 05:00:00,1.0,26.97404670715332
634,2019-05-14 05:30:00,1.0,24.961252212524414
635,2019-05-14 06:00:00,1.0,42.94155502319336
636,2019-05-14 06:30:00,1.0,84.72014617919922
637,2019-05-14 07:00:00,1.0,86.17489624023438
638,2019-05-14 07:30:00,1.0,47.15764236450195
639,2019-05-14 08:00:00,1.0,12.757635116577148
640,2019-05-14 08:30:00,1.0,2.634145975112915
641,2019-05-14 09:00:00,1.0,1.3091604709625244
642,2019-05-14 09:30:00,0.0,0.2971706986427307
643,2019-05-14 10:00:00,0.0,0.09981860220432281
644,2019-05-14 10:30:00,0.0,0.05224519968032837
645,2019-05-14 11:00:00,0.0,0.034820858389139175
646,2019-05-14 11:30:00,0.0,0.02616237848997116
647,2019-05-14 12:00:00,0.0,0.021102281287312508
648,2019-05-14 12:30:00,0.0,0.017883988097310066
649,2019-05-14 13:00:00,0.0,0.01570133864879608
650,2019-05-14 13:30:00,0.0,0.014469882473349571
651,2019-05-14 14:00:00,0.0,0.014652545563876629
652,2019-05-14 14:30:00,0.0,0.01693541742861271
653,2019-05-14 15:00:00,0.0,0.022428005933761597
654,2019-05-14 15:30:00,0.0,0.03313892334699631
655,2019-05-14 16:00:00,0.0,0.05213800072669983
656,2019-05-14 16:30:00,0.0,0.08256816864013672
657,2019-05-14 17:00:00,0.0,0.12473997473716736
658,2019-05-14 17:30:00,0.0,0.17277002334594727
659,2019-05-14 18:00:00,0.0,0.2150406837463379
660,2019-05-14 18:30:00,1.0,1.1637637615203857
661,2019-05-14 19:00:00,1.0,4.302603721618652
662,2019-05-14 19:30:00,1.0,17.459951400756836
663,2019-05-14 20:00:00,1.0,22.97930335998535
664,2019-05-14 20:30:00,1.0,17.006473541259766
665,2019-05-14 21:00:00,1.0,27.61129379272461
666,2019-05-14 21:30:00,1.0,75.7972183227539
667,2019-05-14 22:00:00,1.0,74.37953186035156
668,2019-05-14 22:30:00,1.0,77.70807647705078
669,2019-05-14 23:00:00,1.0,74.10986328125
670,2019-05-14 23:30:00,1.0,71.99629211425781
671,2019-05-15 00:00:00,1.0,58.197021484375
672,2019-05-15 00:30:00,1.0,42.4348258972168
673,2019-05-15 01:00:00,1.0,41.34125518798828
674,2019-05-15 01:30:00,1.0,43.11568832397461
675,2019-05-15 02:00:00,1.0,44.0842170715332
676,2019-05-15 02:30:00,1.0,44.2839241027832
677,2019-05-15 03:00:00,1.0,60.16404724121094
678,2019-05-15 03:30:00,1.0,61.74941635131836
679,2019-05-15 04:00:00,1.0,59.70387649536133
680,2019-05-15 04:30:00,1.0,43.85771942138672
681,2019-05-15 05:00:00,1.0,41.8552360534668
682,2019-05-15 05:30:00,1.0,58.82962417602539
683,2019-05-15 06:00:00,1.0,61.4974479675293
684,2019-05-15 06:30:00,1.0,61.80335235595703
685,2019-05-15 07:00:00,1.0,62.836692810058594
686,2019-05-15 07:30:00,1.0,63.030609130859375
687,2019-05-15 08:00:00,1.0,63.177391052246094
688,2019-05-15 08:30:00,1.0,6.254263401031494
689,2019-05-15 09:00:00,1.0,5.236845016479492
690,2019-05-15 09:30:00,1.0,8.260428428649902
691,2019-05-15 10:00:00,1.0,25.305889129638672
692,2019-05-15 10:30:00,1.0,17.327919006347656
693,2019-05-15 11:00:00,1.0,11.169078826904297
694,2019-05-15 11:30:00,1.0,9.81978988647461
695,2019-05-15 12:00:00,1.0,10.29400634765625
696,2019-05-15 12:30:00,1.0,3.5745019912719727
697,2019-05-15 13:00:00,1.0,1.7786775827407837
698,2019-05-15 13:30:00,1.0,1.5070619583129883
699,2019-05-15 14:00:00,1.0,1.6468015909194946
700,2019-05-15 14:30:00,1.0,1.8365920782089233
701,2019-05-15 15:00:00,1.0,1.9317353963851929
702,2019-05-15 15:30:00,1.0,1.947923183441162
703,2019-05-15 16:00:00,1.0,1.9467363357543945
704,2019-05-15 16:30:00,1.0,1.9596365690231323
705,2019-05-15 17:00:00,1.0,1.9870980978012085
706,2019-05-15 17:30:00,1.0,2.018673896789551
707,2019-05-15 18:00:00,1.0,2.0460596084594727
708,2019-05-15 18:30:00,1.0,2.066431760787964
709,2019-05-15 19:00:00,1.0,2.0805625915527344
710,2019-05-15 19:30:00,1.0,18.550769805908203
711,2019-05-15 20:00:00,1.0,45.76018142700195
712,2019-05-15 20:30:00,1.0,63.715389251708984
713,2019-05-15 21:00:00,1.0,78.584716796875
714,2019-05-15 21:30:00,1.0,72.04656982421875
715,2019-05-15 22:00:00,1.0,47.92072296142578
716,2019-05-15 22:30:00,1.0,62.313514709472656
717,2019-05-15 23:00:00,1.0,66.58387756347656
718,2019-05-15 23:30:00,1.0,65.13994598388672
719,2019-05-16 00:00:00,1.0,64.10424041748047
720,2019-05-16 00:30:00,1.0,63.825008392333984
721,2019-05-16 01:00:00,1.0,63.77095031738281
722,2019-05-16 01:30:00,1.0,63.744895935058594
723,2019-05-16 02:00:00,1.0,63.72465515136719
724,2019-05-16 02:30:00,1.0,63.71283721923828
725,2019-05-16 03:00:00,1.0,28.629526138305664
726,2019-05-16 03:30:00,1.0,22.692447662353516
727,2019-05-16 04:00:00,1.0,24.16849708557129
728,2019-05-16 04:30:00,1.0,26.33024024963379
729,2019-05-16 05:00:00,1.0,27.199052810668945
730,2019-05-16 05:30:00,1.0,27.268760681152344
731,2019-05-16 06:00:00,1.0,27.213621139526367
732,2019-05-16 06:30:00,1.0,12.823981285095215
733,2019-05-16 07:00:00,1.0,9.083924293518066
734,2019-05-16 07:30:00,1.0,2.980226755142212
735,2019-05-16 08:00:00,1.0,1.600591778755188
736,2019-05-16 08:30:00,0.0,0.32895421981811523
737,2019-05-16 09:00:00,0.0,0.10109938681125641
738,2019-05-16 09:30:00,0.0,0.05089789628982544
739,2019-05-16 10:00:00,0.0,0.03375104442238808
740,2019-05-16 10:30:00,0.0,0.025653213262557983
741,2019-05-16 11:00:00,0.0,0.021067941561341286
742,2019-05-16 11:30:00,0.0,0.018229102715849876
743,2019-05-16 12:00:00,0.0,0.016328077763319016
744,2019-05-16 12:30:00,0.0,0.015222707763314247
745,2019-05-16 13:00:00,0.0,0.015400884672999382
746,2019-05-16 13:30:00,0.0,0.01763136312365532
747,2019-05-16 14:00:00,0.0,0.023050036281347275
748,2019-05-16 14:30:00,0.0,0.03362031280994415
749,2019-05-16 15:00:00,0.0,0.052317384630441666
750,2019-05-16 15:30:00,0.0,0.08219284564256668
751,2019-05-16 16:00:00,0.0,0.1235794723033905
752,2019-05-16 16:30:00,0.0,0.17079275846481323
753,2019-05-16 17:00:00,0.0,0.2124965935945511
754,2019-05-16 17:30:00,0.0,0.23758134245872498
755,2019-05-16 18:00:00,0.0,0.24166516959667206
756,2019-05-16 18:30:00,1.0,4.287379264831543
757,2019-05-16 19:00:00,1.0,24.8748779296875
758,2019-05-16 19:30:00,1.0,26.27099609375
759,2019-05-16 20:00:00,1.0,78.38015747070312
760,2019-05-16 20:30:00,1.0,61.19778060913086
761,2019-05-16 21:00:00,1.0,47.24566650390625
762,2019-05-16 21:30:00,1.0,59.99164962768555
763,2019-05-16 22:00:00,1.0,61.606040954589844
764,2019-05-16 22:30:00,1.0,73.61902618408203
765,2019-05-16 23:00:00,1.0,73.1676025390625
766,2019-05-16 23:30:00,1.0,71.57782745361328
767,2019-05-17 00:00:00,1.0,71.00183868408203
768,2019-05-17 00:30:00,1.0,57.8765869140625
769,2019-05-17 01:00:00,1.0,56.79423904418945
770,2019-05-17 01:30:00,1.0,57.848716735839844
771,2019-05-17 02:00:00,1.0,16.000564575195312
772,2019-05-17 02:30:00,1.0,3.849557876586914
773,2019-05-17 03:00:00,0.0,0.6525612473487854
774,2019-05-17 03:30:00,1.0,9.336872100830078
775,2019-05-17 04:00:00,1.0,25.2135066986084
776,2019-05-17 04:30:00,1.0,19.985328674316406
777,2019-05-17 05:00:00,1.0,14.50145435333252
778,2019-05-17 05:30:00,1.0,4.8209004402160645
779,2019-05-17 06:00:00,1.0,2.769885778427124
780,2019-05-17 06:30:00,1.0,2.2028911113739014
781,2019-05-17 07:00:00,1.0,2.044964551925659
782,2019-05-17 07:30:00,1.0,2.0317630767822266
783,2019-05-17 08:00:00,1.0,2.031623601913452
784,2019-05-17 08:30:00,1.0,2.012542724609375
785,2019-05-17 09:00:00,1.0,1.9900689125061035
786,2019-05-17 09:30:00,1.0,1.9805976152420044
787,2019-05-17 10:00:00,1.0,7.085881233215332
788,2019-05-17 10:30:00,1.0,14.662394523620605
789,2019-05-17 11:00:00,1.0,5.257716655731201
790,2019-05-17 11:30:00,1.0,2.224489450454712
791,2019-05-17 12:00:00,1.0,1.6511949300765991
792,2019-05-17 12:30:00,0.0,0.3797958493232727
793,2019-05-17 13:00:00,0.0,0.11750191450119019
794,2019-05-17 13:30:00,0.0,0.05894068256020546
795,2019-05-17 14:00:00,0.0,0.03938259556889534
796,2019-05-17 14:30:00,0.0,0.03031208924949169
797,2019-05-17 15:00:00,0.0,0.031560976058244705
798,2019-05-17 15:30:00,0.0,0.02996687963604927
799,2019-05-17 16:00:00,0.0,0.026004571467638016
800,2019-05-17 16:30:00,0.0,0.02306438982486725
801,2019-05-17 17:00:00,0.0,0.022360075265169144
802,2019-05-17 17:30:00,0.0,0.024496110156178474
803,2019-05-17 18:00:00,0.0,0.030336512252688408
804,2019-05-17 18:30:00,0.0,0.041413236409425735
805,2019-05-17 19:00:00,0.0,0.05979353189468384
806,2019-05-17 19:30:00,0.0,0.0870262086391449
807,2019-05-17 20:00:00,1.0,0.6043798327445984
808,2019-05-17 20:30:00,1.0,3.201939821243286
809,2019-05-17 21:00:00,1.0,17.576162338256836
810,2019-05-17 21:30:00,1.0,47.56238555908203
811,2019-05-17 22:00:00,1.0,42.98262023925781
812,2019-05-17 22:30:00,1.0,16.009601593017578
813,2019-05-17 23:00:00,1.0,9.73831844329834
814,2019-05-17 23:30:00,1.0,21.62631607055664
815,2019-05-18 00:00:00,1.0,15.48873519897461
816,2019-05-18 00:30:00,1.0,4.4881062507629395
817,2019-05-18 01:00:00,1.0,2.510382890701294
818,2019-05-18 01:30:00,1.0,8.243250846862793
819,2019-05-18 02:00:00,1.0,17.634140014648438
820,2019-05-18 02:30:00,1.0,18.189401626586914
821,2019-05-18 03:00:00,1.0,15.328629493713379
822,2019-05-18 03:30:00,1.0,28.503280639648438
823,2019-05-18 04:00:00,1.0,34.542510986328125
824,2019-05-18 04:30:00,1.0,31.83833885192871
825,2019-05-18 05:00:00,1.0,15.177249908447266
826,2019-05-18 05:30:00,1.0,4.245880603790283
827,2019-05-18 06:00:00,1.0,2.4711108207702637
828,2019-05-18 06:30:00,1.0,8.209173202514648
829,2019-05-18 07:00:00,1.0,17.545196533203125
830,2019-05-18 07:30:00,1.0,18.018884658813477
831,2019-05-18 08:00:00,1.0,13.390830039978027
832,2019-05-18 08:30:00,1.0,11.074851989746094
833,2019-05-18 09:00:00,1.0,10.6685152053833
834,2019-05-18 09:30:00,1.0,3.6004862785339355
835,2019-05-18 10:00:00,1.0,1.7955046892166138
836,2019-05-18 10:30:00,1.0,1.5334093570709229
837,2019-05-18 11:00:00,1.0,1.6828762292861938
838,2019-05-18 11:30:00,0.0,0.4112652540206909
839,2019-05-18 12:00:00,0.0,0.11962573230266571
840,2019-05-18 12:30:00,0.0,0.05651409178972244
841,2019-05-18 13:00:00,0.0,0.036501117050647736
842,2019-05-18 13:30:00,0.0,0.0277621578425169
843,2019-05-18 14:00:00,0.0,0.023013904690742493
844,2019-05-18 14:30:00,0.0,0.019997652620077133
845,2019-05-18 15:00:00,0.0,0.017940035089850426
846,2019-05-18 15:30:00,0.0,0.016949879005551338
847,2019-05-18 16:00:00,0.0,0.017617909237742424
848,2019-05-18 16:30:00,0.0,0.02074885182082653
849,2019-05-18 17:00:00,0.0,0.027620937675237656
850,2019-05-18 17:30:00,0.0,0.04035568982362747
851,2019-05-18 18:00:00,0.0,0.061776064336299896
852,2019-05-18 18:30:00,0.0,0.09399137645959854
853,2019-05-18 19:00:00,1.0,0.6648019552230835
854,2019-05-18 19:30:00,1.0,3.4591572284698486
855,2019-05-18 20:00:00,1.0,6.4265031814575195
856,2019-05-18 20:30:00,1.0,5.628281116485596
857,2019-05-18 21:00:00,0.0,1.0217534303665161
858,2019-05-18 21:30:00,0.0,0.26008543372154236
859,2019-05-18 22:00:00,0.0,0.1199069619178772
860,2019-05-18 22:30:00,1.0,1.7142601013183594
861,2019-05-18 23:00:00,1.0,4.704747200012207
862,2019-05-18 23:30:00,1.0,5.081725597381592
863,2019-05-19 00:00:00,1.0,13.005237579345703
864,2019-05-19 00:30:00,1.0,19.41883659362793
865,2019-05-19 01:00:00,1.0,17.78205108642578
866,2019-05-19 01:30:00,1.0,49.6999626159668
867,2019-05-19 02:00:00,1.0,38.771484375
868,2019-05-19 02:30:00,1.0,15.555634498596191
869,2019-05-19 03:00:00,1.0,11.084683418273926
870,2019-05-19 03:30:00,1.0,11.806025505065918
871,2019-05-19 04:00:00,1.0,13.451361656188965
872,2019-05-19 04:30:00,1.0,5.294003486633301
873,2019-05-19 05:00:00,0.0,0.8368296027183533
874,2019-05-19 05:30:00,0.0,0.26443010568618774
875,2019-05-19 06:00:00,0.0,0.15944629907608032
876,2019-05-19 06:30:00,1.0,6.927304744720459
877,2019-05-19 07:00:00,1.0,49.70745086669922
878,2019-05-19 07:30:00,1.0,48.106788635253906
879,2019-05-19 08:00:00,1.0,33.5024528503418
880,2019-05-19 08:30:00,1.0,46.505340576171875
881,2019-05-19 09:00:00,1.0,32.94292449951172
882,2019-05-19 09:30:00,1.0,27.73574447631836
883,2019-05-19 10:00:00,1.0,14.080124855041504
884,2019-05-19 10:30:00,1.0,9.899925231933594
885,2019-05-19 11:00:00,1.0,3.1864917278289795
886,2019-05-19 11:30:00,1.0,1.6797122955322266
887,2019-05-19 12:00:00,1.0,1.51386559009552
888,2019-05-19 12:30:00,1.0,1.6964484453201294
889,2019-05-19 13:00:00,1.0,1.879287838935852
890,2019-05-19 13:30:00,1.0,1.9424766302108765
891,2019-05-19 14:00:00,1.0,1.9330058097839355
892,2019-05-19 14:30:00,1.0,1.9212983846664429
893,2019-05-19 15:00:00,1.0,1.9337433576583862
894,2019-05-19 15:30:00,1.0,1.9647014141082764
895,2019-05-19 16:00:00,1.0,2.0003597736358643
896,2019-05-19 16:30:00,1.0,2.0313491821289062
897,2019-05-19 17:00:00,1.0,2.587522268295288
898,2019-05-19 17:30:00,1.0,3.343935966491699
899,2019-05-19 18:00:00,1.0,3.7593960762023926
900,2019-05-19 18:30:00,1.0,3.0961127281188965
901,2019-05-19 19:00:00,1.0,2.4410033226013184
902,2019-05-19 19:30:00,1.0,7.5804877281188965
903,2019-05-19 20:00:00,1.0,14.869668006896973
904,2019-05-19 20:30:00,1.0,55.4420280456543
905,2019-05-19 21:00:00,1.0,113.51852416992188
906,2019-05-19 21:30:00,1.0,96.67463684082031
907,2019-05-19 22:00:00,1.0,83.85299682617188
908,2019-05-19 22:30:00,1.0,80.30316162109375
909,2019-05-19 23:00:00,1.0,63.250457763671875
910,2019-05-19 23:30:00,1.0,44.17977523803711
911,2019-05-20 00:00:00,1.0,42.44205093383789
912,2019-05-20 00:30:00,1.0,44.432411193847656
913,2019-05-20 01:00:00,1.0,27.840194702148438
914,2019-05-20 01:30:00,1.0,24.140583038330078
915,2019-05-20 02:00:00,1.0,25.226192474365234
916,2019-05-20 02:30:00,1.0,26.66352081298828
917,2019-05-20 03:00:00,1.0,27.223556518554688
918,2019-05-20 03:30:00,1.0,27.274757385253906
919,2019-05-20 04:00:00,1.0,46.255455017089844
920,2019-05-20 04:30:00,1.0,51.92481994628906
921,2019-05-20 05:00:00,1.0,68.97345733642578
922,2019-05-20 05:30:00,1.0,49.64593505859375
923,2019-05-20 06:00:00,1.0,44.4962158203125
924,2019-05-20 06:30:00,1.0,27.302024841308594
925,2019-05-20 07:00:00,1.0,4.103821277618408
926,2019-05-20 07:30:00,1.0,1.4404289722442627
927,2019-05-20 08:00:00,1.0,1.1971184015274048
928,2019-05-20 08:30:00,0.0,0.32240569591522217
929,2019-05-20 09:00:00,0.0,0.10659128427505493
930,2019-05-20 09:30:00,0.0,0.053153324872255325
931,2019-05-20 10:00:00,0.0,0.034346360713243484
932,2019-05-20 10:30:00,0.0,0.025594821199774742
933,2019-05-20 11:00:00,0.0,0.0208013653755188
934,2019-05-20 11:30:00,0.0,0.017911946401000023
935,2019-05-20 12:00:00,0.0,0.016009071841835976
936,2019-05-20 12:30:00,0.0,0.014953593723475933
937,2019-05-20 13:00:00,0.0,0.015239797532558441
938,2019-05-20 13:30:00,0.0,0.01763027161359787
939,2019-05-20 14:00:00,0.0,0.023290397599339485
940,2019-05-20 14:30:00,0.0,0.03425239026546478
941,2019-05-20 15:00:00,0.0,0.05355898663401604
942,2019-05-20 15:30:00,0.0,0.08422976732254028
943,2019-05-20 16:00:00,0.0,0.12634871900081635
944,2019-05-20 16:30:00,0.0,0.17382188141345978
945,2019-05-20 17:00:00,0.0,0.2150653898715973
946,2019-05-20 17:30:00,0.0,0.2391408532857895
947,2019-05-20 18:00:00,0.0,0.24210992455482483
948,2019-05-20 18:30:00,1.0,1.1182575225830078
949,2019-05-20 19:00:00,1.0,3.7824175357818604
950,2019-05-20 19:30:00,1.0,15.742936134338379
951,2019-05-20 20:00:00,1.0,43.52302551269531
952,2019-05-20 20:30:00,1.0,88.37615203857422
953,2019-05-20 21:00:00,1.0,74.39308166503906
954,2019-05-20 21:30:00,1.0,76.80391693115234
955,2019-05-20 22:00:00,1.0,73.72276306152344
956,2019-05-20 22:30:00,1.0,58.6971435546875
957,2019-05-20 23:00:00,1.0,57.1013069152832
958,2019-05-20 23:30:00,1.0,57.98127365112305
959,2019-05-21 00:00:00,1.0,58.437225341796875
960,2019-05-21 00:30:00,1.0,58.52311325073242
961,2019-05-21 01:00:00,1.0,58.527244567871094
962,2019-05-21 01:30:00,1.0,72.1627197265625
963,2019-05-21 02:00:00,1.0,59.53421401977539
964,2019-05-21 02:30:00,1.0,57.36343002319336
965,2019-05-21 03:00:00,1.0,57.96828079223633
966,2019-05-21 03:30:00,1.0,72.02166748046875
967,2019-05-21 04:00:00,1.0,72.77799224853516
968,2019-05-21 04:30:00,1.0,71.46292877197266
969,2019-05-21 05:00:00,1.0,29.31292724609375
970,2019-05-21 05:30:00,1.0,23.62448501586914
971,2019-05-21 06:00:00,1.0,25.583263397216797
972,2019-05-21 06:30:00,1.0,26.381792068481445
973,2019-05-21 07:00:00,1.0,26.65936279296875
974,2019-05-21 07:30:00,1.0,12.758554458618164
975,2019-05-21 08:00:00,0.0,0.8840603828430176
976,2019-05-21 08:30:00,0.0,0.14432533085346222
977,2019-05-21 09:00:00,0.0,0.057556863874197006
978,2019-05-21 09:30:00,0.0,0.0367700457572937
979,2019-05-21 10:00:00,0.0,0.028256108984351158
980,2019-05-21 10:30:00,0.0,0.023145552724599838
981,2019-05-21 11:00:00,0.0,0.01954713463783264
982,2019-05-21 11:30:00,0.0,0.0168823953717947
983,2019-05-21 12:00:00,0.0,0.014995915815234184
984,2019-05-21 12:30:00,0.0,0.014232674613595009
985,2019-05-21 13:00:00,0.0,0.015186963602900505
986,2019-05-21 13:30:00,0.0,0.018657255917787552
987,2019-05-21 14:00:00,0.0,0.026084735989570618
988,2019-05-21 14:30:00,0.0,0.039979830384254456
989,2019-05-21 15:00:00,0.0,0.06371211260557175
990,2019-05-21 15:30:00,0.0,0.09969112277030945
991,2019-05-21 16:00:00,0.0,0.1458153873682022
992,2019-05-21 16:30:00,0.0,0.19318921864032745
993,2019-05-21 17:00:00,0.0,0.22927731275558472
994,2019-05-21 17:30:00,0.0,0.24521209299564362
995,2019-05-21 18:00:00,0.0,0.24040895700454712
996,2019-05-21 18:30:00,1.0,1.0874758958816528
997,2019-05-21 19:00:00,1.0,3.6583404541015625
998,2019-05-21 19:30:00,1.0,15.429502487182617
999,2019-05-21 20:00:00,1.0,46.44415283203125
1000,2019-05-21 20:30:00,1.0,104.60210418701172
1001,2019-05-21 21:00:00,1.0,87.4781265258789
1002,2019-05-21 21:30:00,1.0,75.11772155761719
1003,2019-05-21 22:00:00,1.0,71.75542449951172
1004,2019-05-21 22:30:00,1.0,71.0717544555664
1005,2019-05-21 23:00:00,1.0,57.931114196777344
1006,2019-05-21 23:30:00,1.0,15.552708625793457
1007,2019-05-22 00:00:00,1.0,20.272972106933594
1008,2019-05-22 00:30:00,1.0,44.56462097167969
1009,2019-05-22 01:00:00,1.0,67.96644592285156
1010,2019-05-22 01:30:00,1.0,78.61964416503906
1011,2019-05-22 02:00:00,1.0,60.874114990234375
1012,2019-05-22 02:30:00,1.0,57.57369613647461
1013,2019-05-22 03:00:00,1.0,58.01116943359375
1014,2019-05-22 03:30:00,1.0,72.04619598388672
1015,2019-05-22 04:00:00,1.0,72.77716064453125
1016,2019-05-22 04:30:00,1.0,71.4489974975586
1017,2019-05-22 05:00:00,1.0,70.93696594238281
1018,2019-05-22 05:30:00,1.0,57.851806640625
1019,2019-05-22 06:00:00,1.0,70.07209014892578
1020,2019-05-22 06:30:00,1.0,61.41574478149414
1021,2019-05-22 07:00:00,1.0,44.329559326171875
1022,2019-05-22 07:30:00,1.0,25.920927047729492
1023,2019-05-22 08:00:00,1.0,39.653541564941406
1024,2019-05-22 08:30:00,1.0,67.87287902832031
1025,2019-05-22 09:00:00,1.0,69.78340148925781
1026,2019-05-22 09:30:00,1.0,47.186241149902344
1027,2019-05-22 10:00:00,1.0,13.090812683105469
1028,2019-05-22 10:30:00,1.0,2.645430088043213
1029,2019-05-22 11:00:00,1.0,1.2959144115447998
1030,2019-05-22 11:30:00,0.0,0.29152023792266846
1031,2019-05-22 12:00:00,0.0,0.09766016900539398
1032,2019-05-22 12:30:00,0.0,0.05114325135946274
1033,2019-05-22 13:00:00,0.0,0.03415202721953392
1034,2019-05-22 13:30:00,0.0,0.02573470026254654
1035,2019-05-22 14:00:00,0.0,0.02084258943796158
1036,2019-05-22 14:30:00,0.0,0.017769580706954002
1037,2019-05-22 15:00:00,0.0,0.015700476244091988
1038,2019-05-22 15:30:00,0.0,0.014502223581075668
1039,2019-05-22 16:00:00,0.0,0.014634844847023487
1040,2019-05-22 16:30:00,0.0,0.016807101666927338
1041,2019-05-22 17:00:00,0.0,0.022118328139185905
1042,2019-05-22 17:30:00,0.0,0.032538093626499176
1043,2019-05-22 18:00:00,0.0,0.051109910011291504
1044,2019-05-22 18:30:00,1.0,0.39463281631469727
1045,2019-05-22 19:00:00,1.0,2.524785280227661
1046,2019-05-22 19:30:00,1.0,6.023272514343262
1047,2019-05-22 20:00:00,1.0,6.053885459899902
1048,2019-05-22 20:30:00,1.0,28.6630802154541
1049,2019-05-22 21:00:00,1.0,69.14775848388672
1050,2019-05-22 21:30:00,1.0,81.64468383789062
1051,2019-05-22 22:00:00,1.0,70.25540161132812
1052,2019-05-22 22:30:00,1.0,64.64070129394531
1053,2019-05-22 23:00:00,1.0,80.3593521118164
1054,2019-05-22 23:30:00,1.0,76.79582214355469
1055,2019-05-23 00:00:00,1.0,72.58955383300781
1056,2019-05-23 00:30:00,1.0,71.58816528320312
1057,2019-05-23 01:00:00,1.0,43.757381439208984
1058,2019-05-23 01:30:00,1.0,55.472782135009766
1059,2019-05-23 02:00:00,1.0,59.787322998046875
1060,2019-05-23 02:30:00,1.0,73.10263061523438
1061,2019-05-23 03:00:00,1.0,73.07081604003906
1062,2019-05-23 03:30:00,1.0,71.56608581542969
1063,2019-05-23 04:00:00,1.0,43.72123718261719
1064,2019-05-23 04:30:00,1.0,55.28519058227539
1065,2019-05-23 05:00:00,1.0,59.59053421020508
1066,2019-05-23 05:30:00,1.0,59.206329345703125
1067,2019-05-23 06:00:00,1.0,72.33866119384766
1068,2019-05-23 06:30:00,1.0,77.4891357421875
1069,2019-05-23 07:00:00,1.0,62.8606071472168
1070,2019-05-23 07:30:00,1.0,61.079742431640625
1071,2019-05-23 08:00:00,1.0,62.31859588623047
1072,2019-05-23 08:30:00,1.0,45.3399658203125
1073,2019-05-23 09:00:00,1.0,26.123798370361328
1074,2019-05-23 09:30:00,0.0,1.3202255964279175
1075,2019-05-23 10:00:00,0.0,0.1748788207769394
1076,2019-05-23 10:30:00,0.0,0.061537716537714005
1077,2019-05-23 11:00:00,0.0,0.037809230387210846
1078,2019-05-23 11:30:00,0.0,0.02906486578285694
1079,2019-05-23 12:00:00,0.0,0.023938216269016266
1080,2019-05-23 12:30:00,0.0,0.02021622285246849
1081,2019-05-23 13:00:00,0.0,0.01740390434861183
1082,2019-05-23 13:30:00,0.0,0.015298502519726753
1083,2019-05-23 14:00:00,0.0,0.01411694660782814
1084,2019-05-23 14:30:00,0.0,0.0144198564812541
1085,2019-05-23 15:00:00,0.0,0.016910135746002197
1086,2019-05-23 15:30:00,0.0,0.022757701575756073
1087,2019-05-23 16:00:00,0.0,0.03410163149237633
1088,2019-05-23 16:30:00,0.0,0.054159220308065414
1089,2019-05-23 17:00:00,0.0,0.08605338633060455
1090,2019-05-23 17:30:00,0.0,0.1296560913324356
1091,2019-05-23 18:00:00,0.0,0.1782912015914917
1092,2019-05-23 18:30:00,0.0,0.21981538832187653
1093,2019-05-23 19:00:00,0.0,0.24322840571403503
1094,2019-05-23 19:30:00,1.0,1.1917299032211304
1095,2019-05-23 20:00:00,1.0,4.111021995544434
1096,2019-05-23 20:30:00,1.0,16.581871032714844
1097,2019-05-23 21:00:00,1.0,43.84164047241211
1098,2019-05-23 21:30:00,1.0,65.99134826660156
1099,2019-05-23 22:00:00,1.0,72.71849822998047
1100,2019-05-23 22:30:00,1.0,78.76663208007812
1101,2019-05-23 23:00:00,1.0,60.986000061035156
1102,2019-05-23 23:30:00,1.0,71.26210021972656
1103,2019-05-24 00:00:00,1.0,72.35066223144531
1104,2019-05-24 00:30:00,1.0,58.343589782714844
1105,2019-05-24 01:00:00,1.0,27.982463836669922
1106,2019-05-24 01:30:00,1.0,23.942596435546875
1107,2019-05-24 02:00:00,1.0,26.037906646728516
1108,2019-05-24 02:30:00,1.0,44.604248046875
1109,2019-05-24 03:00:00,1.0,48.984622955322266
1110,2019-05-24 03:30:00,1.0,62.38010787963867
1111,2019-05-24 04:00:00,1.0,62.03219985961914
1112,2019-05-24 04:30:00,1.0,44.59259796142578
1113,2019-05-24 05:00:00,1.0,27.075178146362305
1114,2019-05-24 05:30:00,1.0,12.745085716247559
1115,2019-05-24 06:00:00,1.0,10.541423797607422
1116,2019-05-24 06:30:00,1.0,24.81100845336914
1117,2019-05-24 07:00:00,1.0,53.12778854370117
1118,2019-05-24 07:30:00,1.0,52.79289245605469
1119,2019-05-24 08:00:00,1.0,29.618526458740234
1120,2019-05-24 08:30:00,0.0,1.4301018714904785
1121,2019-05-24 09:00:00,0.0,0.18446654081344604
1122,2019-05-24 09:30:00,0.0,0.0642566904425621
1123,2019-05-24 10:00:00,0.0,0.03942834213376045
1124,2019-05-24 10:30:00,0.0,0.030328983440995216
1125,2019-05-24 11:00:00,1.0,0.1133488342165947
1126,2019-05-24 11:30:00,1.0,0.46260932087898254
1127,2019-05-24 12:00:00,1.0,1.189890742301941
1128,2019-05-24 12:30:00,1.0,1.827402114868164
1129,2019-05-24 13:00:00,1.0,2.0857625007629395
1130,2019-05-24 13:30:00,1.0,2.1703121662139893
1131,2019-05-24 14:00:00,1.0,2.2331132888793945
1132,2019-05-24 14:30:00,1.0,2.2855842113494873
1133,2019-05-24 15:00:00,1.0,2.306086301803589
1134,2019-05-24 15:30:00,1.0,2.2923338413238525
1135,2019-05-24 16:00:00,1.0,2.259336233139038
1136,2019-05-24 16:30:00,1.0,2.2228024005889893
1137,2019-05-24 17:00:00,1.0,2.1910996437072754
1138,2019-05-24 17:30:00,1.0,2.166231870651245
1139,2019-05-24 18:00:00,1.0,2.147343873977661
1140,2019-05-24 18:30:00,1.0,2.133103370666504
1141,2019-05-24 19:00:00,1.0,2.122504711151123
1142,2019-05-24 19:30:00,1.0,2.1148552894592285
1143,2019-05-24 20:00:00,0.0,0.4672468304634094
1144,2019-05-24 20:30:00,0.0,0.1723504662513733
1145,2019-05-24 21:00:00,0.0,0.11770953983068466
1146,2019-05-24 21:30:00,1.0,0.5082493424415588
1147,2019-05-24 22:00:00,1.0,2.1176364421844482
1148,2019-05-24 22:30:00,0.0,0.9967470169067383
1149,2019-05-24 23:00:00,1.0,1.3189985752105713
1150,2019-05-24 23:30:00,1.0,2.0039963722229004
1151,2019-05-25 00:00:00,1.0,2.479581117630005
1152,2019-05-25 00:30:00,0.0,0.576987624168396
1153,2019-05-25 01:00:00,0.0,0.16248060762882233
1154,2019-05-25 01:30:00,0.0,0.0776834636926651
1155,2019-05-25 02:00:00,0.0,0.051818642765283585
1156,2019-05-25 02:30:00,0.0,0.040430083870887756
1157,2019-05-25 03:00:00,0.0,0.03367217257618904
1158,2019-05-25 03:30:00,0.0,0.028900498524308205
1159,2019-05-25 04:00:00,0.0,0.025569211691617966
1160,2019-05-25 04:30:00,1.0,0.11221762001514435
1161,2019-05-25 05:00:00,1.0,0.593891978263855
1162,2019-05-25 05:30:00,1.0,6.9716081619262695
1163,2019-05-25 06:00:00,1.0,22.000682830810547
1164,2019-05-25 06:30:00,1.0,21.191123962402344
1165,2019-05-25 07:00:00,1.0,15.077649116516113
1166,2019-05-25 07:30:00,1.0,26.401525497436523
1167,2019-05-25 08:00:00,1.0,35.04951477050781
1168,2019-05-25 08:30:00,1.0,17.110095977783203
1169,2019-05-25 09:00:00,1.0,12.010438919067383
1170,2019-05-25 09:30:00,1.0,10.642046928405762
1171,2019-05-25 10:00:00,1.0,10.670130729675293
1172,2019-05-25 10:30:00,1.0,12.776336669921875
1173,2019-05-25 11:00:00,1.0,12.531882286071777
1174,2019-05-25 11:30:00,1.0,3.867363214492798
1175,2019-05-25 12:00:00,1.0,1.808841586112976
1176,2019-05-25 12:30:00,1.0,1.9030048847198486
1177,2019-05-25 13:00:00,1.0,2.752210855484009
1178,2019-05-25 13:30:00,1.0,3.525635242462158
1179,2019-05-25 14:00:00,1.0,3.754815101623535
1180,2019-05-25 14:30:00,1.0,3.682229995727539
1181,2019-05-25 15:00:00,1.0,3.6085267066955566
1182,2019-05-25 15:30:00,1.0,3.611462116241455
1183,2019-05-25 16:00:00,1.0,3.656118154525757
1184,2019-05-25 16:30:00,1.0,3.004561185836792
1185,2019-05-25 17:00:00,1.0,2.4117321968078613
1186,2019-05-25 17:30:00,1.0,2.1477036476135254
1187,2019-05-25 18:00:00,1.0,2.08420729637146
1188,2019-05-25 18:30:00,1.0,2.0883095264434814
1189,2019-05-25 19:00:00,1.0,2.092297315597534
1190,2019-05-25 19:30:00,0.0,0.46207740902900696
1191,2019-05-25 20:00:00,0.0,0.13023149967193604
1192,2019-05-25 20:30:00,0.0,0.06220833584666252
1193,2019-05-25 21:00:00,0.0,0.0411226823925972
1194,2019-05-25 21:30:00,0.0,0.03186951205134392
1195,2019-05-25 22:00:00,0.0,0.02663317322731018
1196,2019-05-25 22:30:00,0.0,0.023115508258342743
1197,2019-05-25 23:00:00,1.0,0.09411127120256424
1198,2019-05-25 23:30:00,1.0,0.45159950852394104
1199,2019-05-26 00:00:00,1.0,1.4670253992080688
1200,2019-05-26 00:30:00,1.0,2.7021753787994385
1201,2019-05-26 01:00:00,1.0,3.2211291790008545
1202,2019-05-26 01:30:00,1.0,3.1206319332122803
1203,2019-05-26 02:00:00,1.0,2.8614518642425537
1204,2019-05-26 02:30:00,0.0,0.6150673627853394
1205,2019-05-26 03:00:00,0.0,0.17540958523750305
1206,2019-05-26 03:30:00,0.0,0.08525803685188293
1207,2019-05-26 04:00:00,0.0,0.05702029913663864
1208,2019-05-26 04:30:00,0.0,0.04399591684341431
1209,2019-05-26 05:00:00,1.0,0.17347413301467896
1210,2019-05-26 05:30:00,1.0,0.7318388223648071
1211,2019-05-26 06:00:00,1.0,1.8026788234710693
1212,2019-05-26 06:30:00,1.0,8.760272979736328
1213,2019-05-26 07:00:00,1.0,17.877161026000977
1214,2019-05-26 07:30:00,1.0,19.582841873168945
1215,2019-05-26 08:00:00,1.0,16.825000762939453
1216,2019-05-26 08:30:00,1.0,14.76363468170166
1217,2019-05-26 09:00:00,1.0,14.066534996032715
1218,2019-05-26 09:30:00,1.0,14.044029235839844
1219,2019-05-26 10:00:00,1.0,5.228861331939697
1220,2019-05-26 10:30:00,1.0,2.9785847663879395
1221,2019-05-26 11:00:00,0.0,0.5623482465744019
1222,2019-05-26 11:30:00,0.0,0.15215571224689484
1223,2019-05-26 12:00:00,0.0,0.07098805904388428
1224,2019-05-26 12:30:00,0.0,0.04562181979417801
1225,2019-05-26 13:00:00,0.0,0.03393961861729622
1226,2019-05-26 13:30:00,0.0,0.026985827833414078
1227,2019-05-26 14:00:00,0.0,0.022269025444984436
1228,2019-05-26 14:30:00,0.0,0.02368915267288685
1229,2019-05-26 15:00:00,0.0,0.029406996443867683
1230,2019-05-26 15:30:00,0.0,0.03986002504825592
1231,2019-05-26 16:00:00,0.0,0.058337993919849396
1232,2019-05-26 16:30:00,0.0,0.09035252779722214
1233,2019-05-26 17:00:00,0.0,0.11180856823921204
1234,2019-05-26 17:30:00,0.0,0.12350264936685562
1235,2019-05-26 18:00:00,0.0,0.13536156713962555
1236,2019-05-26 18:30:00,0.0,0.14908644556999207
1237,2019-05-26 19:00:00,1.0,0.8029427528381348
1238,2019-05-26 19:30:00,1.0,10.737603187561035
1239,2019-05-26 20:00:00,1.0,27.767642974853516
1240,2019-05-26 20:30:00,1.0,21.75535011291504
1241,2019-05-26 21:00:00,1.0,5.178640365600586
1242,2019-05-26 21:30:00,1.0,2.091184377670288
1243,2019-05-26 22:00:00,0.0,0.3921835720539093
1244,2019-05-26 22:30:00,0.0,0.12230649590492249
1245,2019-05-26 23:00:00,0.0,0.08321337401866913
1246,2019-05-26 23:30:00,1.0,0.39261287450790405
1247,2019-05-27 00:00:00,1.0,1.8532378673553467
1248,2019-05-27 00:30:00,0.0,0.9540926218032837
1249,2019-05-27 01:00:00,0.0,0.3586166501045227
1250,2019-05-27 01:30:00,0.0,0.1967959851026535
1251,2019-05-27 02:00:00,0.0,0.15072950720787048
1252,2019-05-27 02:30:00,1.0,0.6565462350845337
1253,2019-05-27 03:00:00,1.0,2.62554931640625
1254,2019-05-27 03:30:00,1.0,4.827764987945557
1255,2019-05-27 04:00:00,1.0,5.011374473571777
1256,2019-05-27 04:30:00,1.0,4.395667552947998
1257,2019-05-27 05:00:00,1.0,11.990837097167969
1258,2019-05-27 05:30:00,1.0,19.24447250366211
1259,2019-05-27 06:00:00,1.0,17.853853225708008
1260,2019-05-27 06:30:00,1.0,30.322834014892578
1261,2019-05-27 07:00:00,1.0,16.324941635131836
1262,2019-05-27 07:30:00,1.0,3.671186685562134
1263,2019-05-27 08:00:00,1.0,1.6347777843475342
1264,2019-05-27 08:30:00,1.0,1.441226601600647
1265,2019-05-27 09:00:00,1.0,1.6868306398391724
1266,2019-05-27 09:30:00,1.0,1.9394476413726807
1267,2019-05-27 10:00:00,0.0,0.5821192860603333
1268,2019-05-27 10:30:00,0.0,0.22792303562164307
1269,2019-05-27 11:00:00,0.0,0.14106808602809906
1270,2019-05-27 11:30:00,0.0,0.08904191851615906
1271,2019-05-27 12:00:00,0.0,0.05773531273007393
1272,2019-05-27 12:30:00,0.0,0.052412427961826324
1273,2019-05-27 13:00:00,0.0,0.057684458792209625
1274,2019-05-27 13:30:00,0.0,0.06576771289110184
1275,2019-05-27 14:00:00,0.0,0.0746530145406723
1276,2019-05-27 14:30:00,0.0,0.06712918728590012
1277,2019-05-27 15:00:00,0.0,0.056802548468112946
1278,2019-05-27 15:30:00,0.0,0.052180804312229156
1279,2019-05-27 16:00:00,0.0,0.05321855470538139
1280,2019-05-27 16:30:00,0.0,0.058968231081962585
1281,2019-05-27 17:00:00,0.0,0.06877215206623077
1282,2019-05-27 17:30:00,0.0,0.08192961663007736
1283,2019-05-27 18:00:00,0.0,0.09729735553264618
1284,2019-05-27 18:30:00,1.0,0.5716489553451538
1285,2019-05-27 19:00:00,1.0,2.746551036834717
1286,2019-05-27 19:30:00,1.0,15.528854370117188
1287,2019-05-27 20:00:00,1.0,46.314117431640625
1288,2019-05-27 20:30:00,1.0,23.383089065551758
1289,2019-05-27 21:00:00,1.0,12.558465957641602
1290,2019-05-27 21:30:00,1.0,40.77305221557617
1291,2019-05-27 22:00:00,1.0,80.51350402832031
1292,2019-05-27 22:30:00,1.0,70.39385986328125
1293,2019-05-27 23:00:00,1.0,75.93095397949219
1294,2019-05-27 23:30:00,1.0,73.83389282226562
1295,2019-05-28 00:00:00,1.0,58.78593444824219
1296,2019-05-28 00:30:00,1.0,57.17012405395508
1297,2019-05-28 01:00:00,1.0,58.05705261230469
1298,2019-05-28 01:30:00,1.0,58.50938415527344
1299,2019-05-28 02:00:00,1.0,43.70569610595703
1300,2019-05-28 02:30:00,1.0,41.848350524902344
1301,2019-05-28 03:00:00,1.0,27.870479583740234
1302,2019-05-28 03:30:00,1.0,40.91720962524414
1303,2019-05-28 04:00:00,1.0,46.767974853515625
1304,2019-05-28 04:30:00,1.0,45.75151824951172
1305,2019-05-28 05:00:00,1.0,28.846895217895508
1306,2019-05-28 05:30:00,1.0,5.387821674346924
1307,2019-05-28 06:00:00,1.0,2.384614944458008
1308,2019-05-28 06:30:00,1.0,1.8571513891220093
1309,2019-05-28 07:00:00,1.0,1.865966796875
1310,2019-05-28 07:30:00,1.0,1.9803211688995361
1311,2019-05-28 08:00:00,0.0,0.45331209897994995
1312,2019-05-28 08:30:00,0.0,0.12613213062286377
1313,2019-05-28 09:00:00,0.0,0.05820233002305031
1314,2019-05-28 09:30:00,0.0,0.03710628300905228
1315,2019-05-28 10:00:00,0.0,0.027959320694208145
1316,2019-05-28 10:30:00,0.0,0.02299518883228302
1317,2019-05-28 11:00:00,0.0,0.019850438460707664
1318,2019-05-28 11:30:00,0.0,0.017696117982268333
1319,2019-05-28 12:00:00,0.0,0.016593607142567635
1320,2019-05-28 12:30:00,0.0,0.01710500568151474
1321,2019-05-28 13:00:00,0.0,0.020001577213406563
1322,2019-05-28 13:30:00,0.0,0.02651066891849041
1323,2019-05-28 14:00:00,0.0,0.038709819316864014
1324,2019-05-28 14:30:00,0.0,0.059457965195178986
1325,2019-05-28 15:00:00,0.0,0.0910923108458519
1326,2019-05-28 15:30:00,0.0,0.1325792372226715
1327,2019-05-28 16:00:00,0.0,0.1770896166563034
1328,2019-05-28 16:30:00,0.0,0.21364831924438477
1329,2019-05-28 17:00:00,0.0,0.23308634757995605
1330,2019-05-28 17:30:00,0.0,0.2330757975578308
1331,2019-05-28 18:00:00,0.0,0.21789947152137756
1332,2019-05-28 18:30:00,1.0,0.9675229787826538
1333,2019-05-28 19:00:00,1.0,3.3163280487060547
1334,2019-05-28 19:30:00,1.0,4.839094638824463
1335,2019-05-28 20:00:00,1.0,5.046412467956543
1336,2019-05-28 20:30:00,1.0,13.832555770874023
1337,2019-05-28 21:00:00,1.0,39.63367462158203
1338,2019-05-28 21:30:00,1.0,82.93011474609375
1339,2019-05-28 22:00:00,1.0,72.81461334228516
1340,2019-05-28 22:30:00,1.0,62.395904541015625
1341,2019-05-28 23:00:00,1.0,59.340980529785156
1342,2019-05-28 23:30:00,1.0,28.96280860900879
1343,2019-05-29 00:00:00,1.0,24.381206512451172
1344,2019-05-29 00:30:00,1.0,26.181917190551758
1345,2019-05-29 01:00:00,1.0,44.67593002319336
1346,2019-05-29 01:30:00,1.0,32.04605484008789
1347,2019-05-29 02:00:00,1.0,27.11083984375
1348,2019-05-29 02:30:00,1.0,27.187252044677734
1349,2019-05-29 03:00:00,1.0,28.181533813476562
1350,2019-05-29 03:30:00,1.0,28.641794204711914
1351,2019-05-29 04:00:00,1.0,45.522979736328125
1352,2019-05-29 04:30:00,1.0,49.03023910522461
1353,2019-05-29 05:00:00,1.0,30.024681091308594
1354,2019-05-29 05:30:00,1.0,13.294534683227539
1355,2019-05-29 06:00:00,0.0,1.2805134057998657
1356,2019-05-29 06:30:00,1.0,0.8944375514984131
1357,2019-05-29 07:00:00,1.0,1.2886486053466797
1358,2019-05-29 07:30:00,1.0,6.568719863891602
1359,2019-05-29 08:00:00,1.0,15.227017402648926
1360,2019-05-29 08:30:00,1.0,32.71975326538086
1361,2019-05-29 09:00:00,1.0,36.117496490478516
1362,2019-05-29 09:30:00,1.0,31.271944046020508
1363,2019-05-29 10:00:00,1.0,4.907498359680176
1364,2019-05-29 10:30:00,1.0,1.6162631511688232
1365,2019-05-29 11:00:00,1.0,1.2654529809951782
1366,2019-05-29 11:30:00,0.0,0.3312205672264099
1367,2019-05-29 12:00:00,0.0,0.10933023691177368
1368,2019-05-29 12:30:00,0.0,0.05506892502307892
1369,2019-05-29 13:00:00,0.0,0.03599683940410614
1370,2019-05-29 13:30:00,0.0,0.027032777667045593
1371,2019-05-29 14:00:00,0.0,0.021990209817886353
1372,2019-05-29 14:30:00,0.0,0.01879735477268696
1373,2019-05-29 15:00:00,0.0,0.016648000106215477
1374,2019-05-29 15:30:00,0.0,0.015571448020637035
1375,2019-05-29 16:00:00,0.0,0.0160888209939003
1376,2019-05-29 16:30:00,0.0,0.01894325017929077
1377,2019-05-29 17:00:00,0.0,0.02536763623356819
1378,2019-05-29 17:30:00,0.0,0.037501752376556396
1379,2019-05-29 18:00:00,0.0,0.07342187315225601
1380,2019-05-29 18:30:00,1.0,0.6011764407157898
1381,2019-05-29 19:00:00,1.0,10.235149383544922
1382,2019-05-29 19:30:00,1.0,53.86396026611328
1383,2019-05-29 20:00:00,1.0,73.61214447021484
1384,2019-05-29 20:30:00,1.0,56.60085678100586
1385,2019-05-29 21:00:00,1.0,65.28264617919922
1386,2019-05-29 21:30:00,1.0,65.37983703613281
1387,2019-05-29 22:00:00,1.0,46.033573150634766
1388,2019-05-29 22:30:00,1.0,26.214946746826172
1389,2019-05-29 23:00:00,1.0,23.22572135925293
1390,2019-05-29 23:30:00,1.0,62.61980438232422
1391,2019-05-30 00:00:00,1.0,70.76652526855469
1392,2019-05-30 00:30:00,1.0,63.01200866699219
1393,2019-05-30 01:00:00,1.0,44.430641174316406
1394,2019-05-30 01:30:00,1.0,71.701416015625
1395,2019-05-30 02:00:00,1.0,75.37821960449219
1396,2019-05-30 02:30:00,1.0,59.28568649291992
1397,2019-05-30 03:00:00,1.0,28.059974670410156
1398,2019-05-30 03:30:00,1.0,23.933380126953125
1399,2019-05-30 04:00:00,1.0,13.283195495605469
1400,2019-05-30 04:30:00,1.0,23.181934356689453
1401,2019-05-30 05:00:00,1.0,31.31085777282715
1402,2019-05-30 05:30:00,1.0,48.575653076171875
1403,2019-05-30 06:00:00,1.0,49.57843017578125
1404,2019-05-30 06:30:00,1.0,45.934669494628906
1405,2019-05-30 07:00:00,1.0,45.309356689453125
1406,2019-05-30 07:30:00,1.0,45.42469787597656
1407,2019-05-30 08:00:00,1.0,13.966035842895508
1408,2019-05-30 08:30:00,1.0,2.794262409210205
1409,2019-05-30 09:00:00,1.0,1.3318870067596436
1410,2019-05-30 09:30:00,0.0,0.29435235261917114
1411,2019-05-30 10:00:00,0.0,0.09804894030094147
1412,2019-05-30 10:30:00,0.0,0.051349639892578125
1413,2019-05-30 11:00:00,0.0,0.034344639629125595
1414,2019-05-30 11:30:00,0.0,0.025910569354891777
1415,2019-05-30 12:00:00,0.0,0.020974401384592056
1416,2019-05-30 12:30:00,0.0,0.017818164080381393
1417,2019-05-30 13:00:00,0.0,0.01567274145781994
1418,2019-05-30 13:30:00,0.0,0.014494197443127632
1419,2019-05-30 14:00:00,0.0,0.014762918464839458
1420,2019-05-30 14:30:00,0.0,0.017177119851112366
1421,2019-05-30 15:00:00,0.0,0.02288033999502659
1422,2019-05-30 15:30:00,0.0,0.03393440693616867
1423,2019-05-30 16:00:00,0.0,0.05344529449939728
1424,2019-05-30 16:30:00,0.0,0.08448883891105652
1425,2019-05-30 17:00:00,0.0,0.12712393701076508
1426,2019-05-30 17:30:00,0.0,0.17511607706546783
1427,2019-05-30 18:00:00,1.0,1.0497785806655884
1428,2019-05-30 18:30:00,1.0,13.022601127624512
1429,2019-05-30 19:00:00,1.0,29.55415916442871
1430,2019-05-30 19:30:00,1.0,41.802452087402344
1431,2019-05-30 20:00:00,1.0,18.45233154296875
1432,2019-05-30 20:30:00,1.0,41.604637145996094
1433,2019-05-30 21:00:00,1.0,54.77259826660156
1434,2019-05-30 21:30:00,1.0,50.89607238769531
1435,2019-05-30 22:00:00,1.0,62.86225509643555
1436,2019-05-30 22:30:00,1.0,77.16031646728516
1437,2019-05-30 23:00:00,1.0,74.73739624023438
1438,2019-05-30 23:30:00,1.0,72.1536636352539
1439,2019-05-31 00:00:00,1.0,71.28228759765625
1440,2019-05-31 00:30:00,1.0,57.99637222290039
1441,2019-05-31 01:00:00,1.0,56.87800979614258
1442,2019-05-31 01:30:00,1.0,57.913414001464844
1443,2019-05-31 02:00:00,1.0,58.428977966308594
1444,2019-05-31 02:30:00,1.0,58.540443420410156
1445,2019-05-31 03:00:00,1.0,58.554237365722656
1446,2019-05-31 03:30:00,1.0,58.560157775878906
1447,2019-05-31 04:00:00,1.0,28.8489933013916
1448,2019-05-31 04:30:00,1.0,38.934322357177734
1449,2019-05-31 05:00:00,1.0,45.406455993652344
1450,2019-05-31 05:30:00,1.0,61.517215728759766
1451,2019-05-31 06:00:00,1.0,64.13585662841797
1452,2019-05-31 06:30:00,1.0,29.292638778686523
1453,2019-05-31 07:00:00,1.0,22.97164535522461
1454,2019-05-31 07:30:00,1.0,41.361995697021484
1455,2019-05-31 08:00:00,1.0,30.848403930664062
1456,2019-05-31 08:30:00,1.0,25.754112243652344
1457,2019-05-31 09:00:00,1.0,25.582447052001953
1458,2019-05-31 09:30:00,1.0,12.491232872009277
1459,2019-05-31 10:00:00,1.0,9.050352096557617
1460,2019-05-31 10:30:00,1.0,2.9948983192443848
1461,2019-05-31 11:00:00,0.0,0.39218828082084656
1462,2019-05-31 11:30:00,0.0,0.10165612399578094
1463,2019-05-31 12:00:00,0.0,0.0497591570019722
1464,2019-05-31 12:30:00,0.0,0.03345666080713272
1465,2019-05-31 13:00:00,0.0,0.025746600702404976
1466,2019-05-31 13:30:00,0.0,0.021145256236195564
1467,2019-05-31 14:00:00,0.0,0.018125705420970917
1468,2019-05-31 14:30:00,0.0,0.016015272587537766
1469,2019-05-31 15:00:00,0.0,0.01469171792268753
1470,2019-05-31 15:30:00,0.0,0.014604498632252216
1471,2019-05-31 16:00:00,0.0,0.016453543677926064
1472,2019-05-31 16:30:00,0.0,0.021266425028443336
1473,2019-05-31 17:00:00,0.0,0.03087710589170456
1474,2019-05-31 17:30:00,0.0,0.04820697382092476
1475,2019-05-31 18:00:00,0.0,0.07655956596136093
1476,2019-05-31 18:30:00,0.0,0.11702238768339157
1477,2019-05-31 19:00:00,0.0,0.16488082706928253
1478,2019-05-31 19:30:00,0.0,0.20911496877670288
1479,2019-05-31 20:00:00,1.0,1.151435136795044
1480,2019-05-31 20:30:00,1.0,4.316511154174805
1481,2019-05-31 21:00:00,1.0,6.122243404388428
1482,2019-05-31 21:30:00,1.0,4.84846830368042
1483,2019-05-31 22:00:00,1.0,11.014408111572266
1484,2019-05-31 22:30:00,1.0,5.73175048828125
1485,2019-05-31 23:00:00,1.0,3.448287010192871
1486,2019-05-31 23:30:00,1.0,9.964838027954102
1487,2019-06-01 00:00:00,1.0,80.758544921875
